country_code,year,intensity,conflict_type
AFG,1978,2.0,UCDP Armed Conflict
AFG,1979,2.0,UCDP Armed Conflict
AFG,1980,2.0,UCDP Armed Conflict
AFG,1981,2.0,UCDP Armed Conflict
AFG,1982,2.0,UCDP Armed Conflict
AFG,1983,2.0,UCDP Armed Conflict
AFG,1984,2.0,UCDP Armed Conflict
AFG,1985,2.0,UCDP Armed Conflict
AFG,1986,2.0,UCDP Armed Conflict
AFG,1987,2.0,UCDP Armed Conflict
AFG,1988,2.0,UCDP Armed Conflict
AFG,1989,2.0,UCDP Armed Conflict
AFG,1990,2.0,UCDP Armed Conflict
AFG,1991,2.0,UCDP Armed Conflict
AFG,1992,2.0,UCDP Armed Conflict
AFG,1993,2.0,UCDP Armed Conflict
AFG,1994,2.0,UCDP Armed Conflict
AFG,1995,2.0,UCDP Armed Conflict
AFG,1996,2.0,UCDP Armed Conflict
AFG,1997,2.0,UCDP Armed Conflict
AFG,1998,2.0,UCDP Armed Conflict
AFG,1999,2.0,UCDP Armed Conflict
AFG,2000,2.0,UCDP Armed Conflict
AFG,2001,2.0,UCDP Armed Conflict
AFG,2002,1.0,UCDP Armed Conflict
AFG,2003,1.0,UCDP Armed Conflict
AFG,2004,1.0,UCDP Armed Conflict
AFG,2005,2.0,UCDP Armed Conflict
AFG,2006,2.0,UCDP Armed Conflict
AFG,2007,2.0,UCDP Armed Conflict
AFG,2008,2.0,UCDP Armed Conflict
AFG,2009,2.0,UCDP Armed Conflict
AFG,2010,2.0,UCDP Armed Conflict
AFG,2011,2.0,UCDP Armed Conflict
AFG,2012,2.0,UCDP Armed Conflict
AFG,2013,2.0,UCDP Armed Conflict
AFG,2014,2.0,UCDP Armed Conflict
AFG,2015,2.0,UCDP Armed Conflict
AFG,2016,2.0,UCDP Armed Conflict
AFG,2017,2.0,UCDP Armed Conflict
AFG,2018,2.0,UCDP Armed Conflict
AFG,2019,2.0,UCDP Armed Conflict
AFG,2020,2.0,UCDP Armed Conflict
AFG,2021,2.0,UCDP Armed Conflict
AFG,2022,1.0,UCDP Armed Conflict
AFG,2023,1.0,UCDP Armed Conflict
AFG,2024,1.0,UCDP Armed Conflict
AGO,1961,2.0,UCDP Armed Conflict
AGO,1962,2.0,UCDP Armed Conflict
AGO,1963,1.0,UCDP Armed Conflict
AGO,1964,1.0,UCDP Armed Conflict
AGO,1965,1.0,UCDP Armed Conflict
AGO,1966,1.0,UCDP Armed Conflict
AGO,1967,1.0,UCDP Armed Conflict
AGO,1968,1.0,UCDP Armed Conflict
AGO,1969,1.0,UCDP Armed Conflict
AGO,1970,1.0,UCDP Armed Conflict
AGO,1971,1.0,UCDP Armed Conflict
AGO,1972,1.0,UCDP Armed Conflict
AGO,1973,1.0,UCDP Armed Conflict
AGO,1974,1.0,UCDP Armed Conflict
AGO,1975,2.0,UCDP Armed Conflict
AGO,1976,2.0,UCDP Armed Conflict
AGO,1977,2.0,UCDP Armed Conflict
AGO,1978,2.0,UCDP Armed Conflict
AGO,1979,2.0,UCDP Armed Conflict
AGO,1980,2.0,UCDP Armed Conflict
AGO,1981,2.0,UCDP Armed Conflict
AGO,1982,2.0,UCDP Armed Conflict
AGO,1983,2.0,UCDP Armed Conflict
AGO,1984,2.0,UCDP Armed Conflict
AGO,1985,2.0,UCDP Armed Conflict
AGO,1986,2.0,UCDP Armed Conflict
AGO,1987,2.0,UCDP Armed Conflict
AGO,1988,2.0,UCDP Armed Conflict
AGO,1989,2.0,UCDP Armed Conflict
AGO,1990,2.0,UCDP Armed Conflict
AGO,1991,1.0,UCDP Armed Conflict
AGO,1992,2.0,UCDP Armed Conflict
AGO,1993,2.0,UCDP Armed Conflict
AGO,1994,2.0,UCDP Armed Conflict
AGO,1995,1.0,UCDP Armed Conflict
AGO,1996,1.0,UCDP Armed Conflict
AGO,1997,1.0,UCDP Armed Conflict
AGO,1998,2.0,UCDP Armed Conflict
AGO,1999,2.0,UCDP Armed Conflict
AGO,2000,2.0,UCDP Armed Conflict
AGO,2001,2.0,UCDP Armed Conflict
AGO,2002,1.0,UCDP Armed Conflict
AGO,2003,1.0,UCDP Armed Conflict
AGO,2004,1.0,UCDP Armed Conflict
AGO,2007,1.0,UCDP Armed Conflict
AGO,2009,1.0,UCDP Armed Conflict
AGO,2016,1.0,UCDP Armed Conflict
AGO,2017,1.0,UCDP Armed Conflict
AGO,2019,1.0,UCDP Armed Conflict
AGO,2020,1.0,UCDP Armed Conflict
AGO,2022,1.0,UCDP Armed Conflict
AGO,2024,1.0,UCDP Armed Conflict
ALB,1946,1.0,UCDP Armed Conflict
ARG,1955,1.0,UCDP Armed Conflict
ARG,1963,1.0,UCDP Armed Conflict
ARG,1974,1.0,UCDP Armed Conflict
ARG,1975,1.0,UCDP Armed Conflict
ARG,1976,1.0,UCDP Armed Conflict
ARG,1977,1.0,UCDP Armed Conflict
ARG,1982,1.0,UCDP Armed Conflict
AUS,2003,2.0,UCDP Armed Conflict
AZE,1991,1.0,UCDP Armed Conflict
AZE,1992,2.0,UCDP Armed Conflict
AZE,1993,2.0,UCDP Armed Conflict
AZE,1994,2.0,UCDP Armed Conflict
AZE,1995,1.0,UCDP Armed Conflict
AZE,1997,1.0,UCDP Armed Conflict
AZE,1998,1.0,UCDP Armed Conflict
AZE,2005,1.0,UCDP Armed Conflict
AZE,2008,1.0,UCDP Armed Conflict
AZE,2012,1.0,UCDP Armed Conflict
AZE,2014,1.0,UCDP Armed Conflict
AZE,2015,1.0,UCDP Armed Conflict
AZE,2016,1.0,UCDP Armed Conflict
AZE,2017,1.0,UCDP Armed Conflict
AZE,2020,2.0,UCDP Armed Conflict
AZE,2021,1.0,UCDP Armed Conflict
AZE,2022,1.0,UCDP Armed Conflict
AZE,2023,1.0,UCDP Armed Conflict
BDI,1965,1.0,UCDP Armed Conflict
BDI,1991,1.0,UCDP Armed Conflict
BDI,1992,1.0,UCDP Armed Conflict
BDI,1994,1.0,UCDP Armed Conflict
BDI,1995,1.0,UCDP Armed Conflict
BDI,1996,1.0,UCDP Armed Conflict
BDI,1997,2.0,UCDP Armed Conflict
BDI,1998,1.0,UCDP Armed Conflict
BDI,1999,1.0,UCDP Armed Conflict
BDI,2000,2.0,UCDP Armed Conflict
BDI,2001,2.0,UCDP Armed Conflict
BDI,2002,2.0,UCDP Armed Conflict
BDI,2003,1.0,UCDP Armed Conflict
BDI,2004,1.0,UCDP Armed Conflict
BDI,2005,1.0,UCDP Armed Conflict
BDI,2006,1.0,UCDP Armed Conflict
BDI,2008,1.0,UCDP Armed Conflict
BDI,2014,1.0,UCDP Armed Conflict
BDI,2015,1.0,UCDP Armed Conflict
BDI,2019,1.0,UCDP Armed Conflict
BDI,2020,1.0,UCDP Armed Conflict
BDI,2021,1.0,UCDP Armed Conflict
BDI,2022,1.0,UCDP Armed Conflict
BDI,2023,1.0,UCDP Armed Conflict
BDI,2024,1.0,UCDP Armed Conflict
BEN,2022,1.0,UCDP Armed Conflict
BEN,2023,1.0,UCDP Armed Conflict
BEN,2024,1.0,UCDP Armed Conflict
BFA,1985,1.0,UCDP Armed Conflict
BFA,1987,1.0,UCDP Armed Conflict
BFA,2018,1.0,UCDP Armed Conflict
BFA,2019,1.0,UCDP Armed Conflict
BFA,2020,1.0,UCDP Armed Conflict
BFA,2021,1.0,UCDP Armed Conflict
BFA,2022,2.0,UCDP Armed Conflict
BFA,2023,2.0,UCDP Armed Conflict
BFA,2024,2.0,UCDP Armed Conflict
BGD,1975,1.0,UCDP Armed Conflict
BGD,1976,1.0,UCDP Armed Conflict
BGD,1977,1.0,UCDP Armed Conflict
BGD,1978,1.0,UCDP Armed Conflict
BGD,1979,1.0,UCDP Armed Conflict
BGD,1980,1.0,UCDP Armed Conflict
BGD,1981,1.0,UCDP Armed Conflict
BGD,1982,1.0,UCDP Armed Conflict
BGD,1983,1.0,UCDP Armed Conflict
BGD,1984,1.0,UCDP Armed Conflict
BGD,1985,1.0,UCDP Armed Conflict
BGD,1986,1.0,UCDP Armed Conflict
BGD,1987,1.0,UCDP Armed Conflict
BGD,1988,1.0,UCDP Armed Conflict
BGD,1989,1.0,UCDP Armed Conflict
BGD,1990,1.0,UCDP Armed Conflict
BGD,1991,1.0,UCDP Armed Conflict
BGD,2005,1.0,UCDP Armed Conflict
BGD,2006,1.0,UCDP Armed Conflict
BGD,2016,1.0,UCDP Armed Conflict
BGD,2017,1.0,UCDP Armed Conflict
BOL,1946,2.0,UCDP Armed Conflict
BOL,1949,1.0,UCDP Armed Conflict
BOL,1952,1.0,UCDP Armed Conflict
BOL,1967,1.0,UCDP Armed Conflict
CAF,2001,1.0,UCDP Armed Conflict
CAF,2002,1.0,UCDP Armed Conflict
CAF,2006,1.0,UCDP Armed Conflict
CAF,2009,1.0,UCDP Armed Conflict
CAF,2010,1.0,UCDP Armed Conflict
CAF,2011,1.0,UCDP Armed Conflict
CAF,2012,1.0,UCDP Armed Conflict
CAF,2013,1.0,UCDP Armed Conflict
CAF,2014,1.0,UCDP Armed Conflict
CAF,2015,1.0,UCDP Armed Conflict
CAF,2017,1.0,UCDP Armed Conflict
CAF,2018,1.0,UCDP Armed Conflict
CAF,2019,1.0,UCDP Armed Conflict
CAF,2020,1.0,UCDP Armed Conflict
CAF,2021,1.0,UCDP Armed Conflict
CAF,2022,1.0,UCDP Armed Conflict
CAF,2023,1.0,UCDP Armed Conflict
CAF,2024,1.0,UCDP Armed Conflict
CHL,1973,1.0,UCDP Armed Conflict
CHN,1946,2.0,UCDP Armed Conflict
CHN,1947,2.0,UCDP Armed Conflict
CHN,1948,2.0,UCDP Armed Conflict
CHN,1949,2.0,UCDP Armed Conflict
CHN,1950,1.0,UCDP Armed Conflict
CHN,1954,2.0,UCDP Armed Conflict
CHN,1956,2.0,UCDP Armed Conflict
CHN,1958,2.0,UCDP Armed Conflict
CHN,1959,2.0,UCDP Armed Conflict
CHN,1962,2.0,UCDP Armed Conflict
CHN,1967,1.0,UCDP Armed Conflict
CHN,1969,1.0,UCDP Armed Conflict
CHN,1974,1.0,UCDP Armed Conflict
CHN,1978,1.0,UCDP Armed Conflict
CHN,1979,2.0,UCDP Armed Conflict
CHN,1980,1.0,UCDP Armed Conflict
CHN,1981,1.0,UCDP Armed Conflict
CHN,1983,1.0,UCDP Armed Conflict
CHN,1984,1.0,UCDP Armed Conflict
CHN,1986,1.0,UCDP Armed Conflict
CHN,1987,1.0,UCDP Armed Conflict
CHN,1988,1.0,UCDP Armed Conflict
CHN,2008,1.0,UCDP Armed Conflict
CHN,2020,1.0,UCDP Armed Conflict
CIV,2002,1.0,UCDP Armed Conflict
CIV,2003,1.0,UCDP Armed Conflict
CIV,2004,1.0,UCDP Armed Conflict
CIV,2011,1.0,UCDP Armed Conflict
CMR,1957,1.0,UCDP Armed Conflict
CMR,1958,1.0,UCDP Armed Conflict
CMR,1959,1.0,UCDP Armed Conflict
CMR,1960,2.0,UCDP Armed Conflict
CMR,1961,1.0,UCDP Armed Conflict
CMR,1984,1.0,UCDP Armed Conflict
CMR,1996,1.0,UCDP Armed Conflict
CMR,2015,1.0,UCDP Armed Conflict
CMR,2016,1.0,UCDP Armed Conflict
CMR,2017,1.0,UCDP Armed Conflict
CMR,2018,1.0,UCDP Armed Conflict
CMR,2019,1.0,UCDP Armed Conflict
CMR,2020,1.0,UCDP Armed Conflict
CMR,2021,1.0,UCDP Armed Conflict
CMR,2022,1.0,UCDP Armed Conflict
CMR,2023,1.0,UCDP Armed Conflict
CMR,2024,1.0,UCDP Armed Conflict
COG,1993,1.0,UCDP Armed Conflict
COG,1997,2.0,UCDP Armed Conflict
COG,1998,2.0,UCDP Armed Conflict
COG,1999,1.0,UCDP Armed Conflict
COG,2002,1.0,UCDP Armed Conflict
COG,2016,1.0,UCDP Armed Conflict
COL,1964,1.0,UCDP Armed Conflict
COL,1965,1.0,UCDP Armed Conflict
COL,1966,1.0,UCDP Armed Conflict
COL,1967,1.0,UCDP Armed Conflict
COL,1968,1.0,UCDP Armed Conflict
COL,1969,1.0,UCDP Armed Conflict
COL,1970,1.0,UCDP Armed Conflict
COL,1971,1.0,UCDP Armed Conflict
COL,1972,1.0,UCDP Armed Conflict
COL,1973,1.0,UCDP Armed Conflict
COL,1974,1.0,UCDP Armed Conflict
COL,1975,1.0,UCDP Armed Conflict
COL,1976,1.0,UCDP Armed Conflict
COL,1977,1.0,UCDP Armed Conflict
COL,1978,1.0,UCDP Armed Conflict
COL,1979,1.0,UCDP Armed Conflict
COL,1980,1.0,UCDP Armed Conflict
COL,1981,1.0,UCDP Armed Conflict
COL,1982,1.0,UCDP Armed Conflict
COL,1983,1.0,UCDP Armed Conflict
COL,1984,1.0,UCDP Armed Conflict
COL,1985,2.0,UCDP Armed Conflict
COL,1986,1.0,UCDP Armed Conflict
COL,1987,1.0,UCDP Armed Conflict
COL,1988,1.0,UCDP Armed Conflict
COL,1989,1.0,UCDP Armed Conflict
COL,1990,1.0,UCDP Armed Conflict
COL,1991,1.0,UCDP Armed Conflict
COL,1992,2.0,UCDP Armed Conflict
COL,1993,1.0,UCDP Armed Conflict
COL,1994,2.0,UCDP Armed Conflict
COL,1995,1.0,UCDP Armed Conflict
COL,1996,2.0,UCDP Armed Conflict
COL,1997,1.0,UCDP Armed Conflict
COL,1998,1.0,UCDP Armed Conflict
COL,1999,2.0,UCDP Armed Conflict
COL,2000,2.0,UCDP Armed Conflict
COL,2001,2.0,UCDP Armed Conflict
COL,2002,2.0,UCDP Armed Conflict
COL,2003,2.0,UCDP Armed Conflict
COL,2004,2.0,UCDP Armed Conflict
COL,2005,2.0,UCDP Armed Conflict
COL,2006,1.0,UCDP Armed Conflict
COL,2007,1.0,UCDP Armed Conflict
COL,2008,1.0,UCDP Armed Conflict
COL,2009,1.0,UCDP Armed Conflict
COL,2010,1.0,UCDP Armed Conflict
COL,2011,1.0,UCDP Armed Conflict
COL,2012,1.0,UCDP Armed Conflict
COL,2013,1.0,UCDP Armed Conflict
COL,2014,1.0,UCDP Armed Conflict
COL,2015,1.0,UCDP Armed Conflict
COL,2016,1.0,UCDP Armed Conflict
COL,2018,1.0,UCDP Armed Conflict
COL,2019,1.0,UCDP Armed Conflict
COL,2020,1.0,UCDP Armed Conflict
COL,2021,1.0,UCDP Armed Conflict
COL,2022,1.0,UCDP Armed Conflict
COL,2023,1.0,UCDP Armed Conflict
COL,2024,1.0,UCDP Armed Conflict
COM,1989,1.0,UCDP Armed Conflict
COM,1997,1.0,UCDP Armed Conflict
CRI,1948,2.0,UCDP Armed Conflict
CUB,1953,1.0,UCDP Armed Conflict
CUB,1956,1.0,UCDP Armed Conflict
CUB,1957,1.0,UCDP Armed Conflict
CUB,1958,2.0,UCDP Armed Conflict
CUB,1961,1.0,UCDP Armed Conflict
CYP,1955,1.0,UCDP Armed Conflict
CYP,1956,1.0,UCDP Armed Conflict
CYP,1957,1.0,UCDP Armed Conflict
CYP,1958,1.0,UCDP Armed Conflict
CYP,1959,1.0,UCDP Armed Conflict
CYP,1974,2.0,UCDP Armed Conflict
DJI,1991,1.0,UCDP Armed Conflict
DJI,1992,1.0,UCDP Armed Conflict
DJI,1993,1.0,UCDP Armed Conflict
DJI,1994,1.0,UCDP Armed Conflict
DJI,1999,1.0,UCDP Armed Conflict
DJI,2008,1.0,UCDP Armed Conflict
DOM,1965,1.0,UCDP Armed Conflict
DZA,1954,1.0,UCDP Armed Conflict
DZA,1955,2.0,UCDP Armed Conflict
DZA,1956,2.0,UCDP Armed Conflict
DZA,1957,2.0,UCDP Armed Conflict
DZA,1958,2.0,UCDP Armed Conflict
DZA,1959,2.0,UCDP Armed Conflict
DZA,1960,2.0,UCDP Armed Conflict
DZA,1961,2.0,UCDP Armed Conflict
DZA,1962,1.0,UCDP Armed Conflict
DZA,1963,1.0,UCDP Armed Conflict
DZA,1991,1.0,UCDP Armed Conflict
DZA,1992,1.0,UCDP Armed Conflict
DZA,1993,1.0,UCDP Armed Conflict
DZA,1994,2.0,UCDP Armed Conflict
DZA,1995,2.0,UCDP Armed Conflict
DZA,1996,2.0,UCDP Armed Conflict
DZA,1997,2.0,UCDP Armed Conflict
DZA,1998,2.0,UCDP Armed Conflict
DZA,1999,2.0,UCDP Armed Conflict
DZA,2000,1.0,UCDP Armed Conflict
DZA,2001,1.0,UCDP Armed Conflict
DZA,2002,1.0,UCDP Armed Conflict
DZA,2003,1.0,UCDP Armed Conflict
DZA,2004,1.0,UCDP Armed Conflict
DZA,2005,1.0,UCDP Armed Conflict
DZA,2006,1.0,UCDP Armed Conflict
DZA,2007,1.0,UCDP Armed Conflict
DZA,2008,1.0,UCDP Armed Conflict
DZA,2009,1.0,UCDP Armed Conflict
DZA,2010,1.0,UCDP Armed Conflict
DZA,2011,1.0,UCDP Armed Conflict
DZA,2012,1.0,UCDP Armed Conflict
DZA,2013,1.0,UCDP Armed Conflict
DZA,2014,1.0,UCDP Armed Conflict
DZA,2015,1.0,UCDP Armed Conflict
DZA,2016,1.0,UCDP Armed Conflict
DZA,2017,1.0,UCDP Armed Conflict
DZA,2018,1.0,UCDP Armed Conflict
DZA,2020,1.0,UCDP Armed Conflict
ECU,1995,1.0,UCDP Armed Conflict
EGY,1948,2.0,UCDP Armed Conflict
EGY,1949,1.0,UCDP Armed Conflict
EGY,1951,1.0,UCDP Armed Conflict
EGY,1952,1.0,UCDP Armed Conflict
EGY,1956,2.0,UCDP Armed Conflict
EGY,1967,2.0,UCDP Armed Conflict
EGY,1969,1.0,UCDP Armed Conflict
EGY,1970,1.0,UCDP Armed Conflict
EGY,1973,2.0,UCDP Armed Conflict
EGY,1993,1.0,UCDP Armed Conflict
EGY,1994,1.0,UCDP Armed Conflict
EGY,1995,1.0,UCDP Armed Conflict
EGY,1996,1.0,UCDP Armed Conflict
EGY,1997,1.0,UCDP Armed Conflict
EGY,1998,1.0,UCDP Armed Conflict
EGY,2014,1.0,UCDP Armed Conflict
EGY,2015,1.0,UCDP Armed Conflict
EGY,2016,1.0,UCDP Armed Conflict
EGY,2017,1.0,UCDP Armed Conflict
EGY,2018,1.0,UCDP Armed Conflict
EGY,2019,1.0,UCDP Armed Conflict
EGY,2020,1.0,UCDP Armed Conflict
EGY,2021,1.0,UCDP Armed Conflict
EGY,2022,1.0,UCDP Armed Conflict
ERI,1997,1.0,UCDP Armed Conflict
ERI,1998,2.0,UCDP Armed Conflict
ERI,1999,2.0,UCDP Armed Conflict
ERI,2000,2.0,UCDP Armed Conflict
ERI,2003,1.0,UCDP Armed Conflict
ERI,2008,1.0,UCDP Armed Conflict
ERI,2016,1.0,UCDP Armed Conflict
ESP,1978,1.0,UCDP Armed Conflict
ESP,1979,1.0,UCDP Armed Conflict
ESP,1980,1.0,UCDP Armed Conflict
ESP,1981,1.0,UCDP Armed Conflict
ESP,1982,1.0,UCDP Armed Conflict
ESP,1985,1.0,UCDP Armed Conflict
ESP,1986,1.0,UCDP Armed Conflict
ESP,1987,1.0,UCDP Armed Conflict
ESP,1991,1.0,UCDP Armed Conflict
ETH,1960,1.0,UCDP Armed Conflict
ETH,1964,1.0,UCDP Armed Conflict
ETH,1965,1.0,UCDP Armed Conflict
ETH,1966,1.0,UCDP Armed Conflict
ETH,1967,1.0,UCDP Armed Conflict
ETH,1968,1.0,UCDP Armed Conflict
ETH,1969,1.0,UCDP Armed Conflict
ETH,1970,1.0,UCDP Armed Conflict
ETH,1971,1.0,UCDP Armed Conflict
ETH,1972,1.0,UCDP Armed Conflict
ETH,1973,1.0,UCDP Armed Conflict
ETH,1974,1.0,UCDP Armed Conflict
ETH,1975,2.0,UCDP Armed Conflict
ETH,1976,2.0,UCDP Armed Conflict
ETH,1977,2.0,UCDP Armed Conflict
ETH,1978,2.0,UCDP Armed Conflict
ETH,1979,2.0,UCDP Armed Conflict
ETH,1980,2.0,UCDP Armed Conflict
ETH,1981,2.0,UCDP Armed Conflict
ETH,1982,2.0,UCDP Armed Conflict
ETH,1983,2.0,UCDP Armed Conflict
ETH,1984,2.0,UCDP Armed Conflict
ETH,1985,2.0,UCDP Armed Conflict
ETH,1986,1.0,UCDP Armed Conflict
ETH,1987,2.0,UCDP Armed Conflict
ETH,1988,2.0,UCDP Armed Conflict
ETH,1989,2.0,UCDP Armed Conflict
ETH,1990,2.0,UCDP Armed Conflict
ETH,1991,2.0,UCDP Armed Conflict
ETH,1992,1.0,UCDP Armed Conflict
ETH,1993,1.0,UCDP Armed Conflict
ETH,1994,1.0,UCDP Armed Conflict
ETH,1995,1.0,UCDP Armed Conflict
ETH,1996,1.0,UCDP Armed Conflict
ETH,1998,2.0,UCDP Armed Conflict
ETH,1999,2.0,UCDP Armed Conflict
ETH,2000,2.0,UCDP Armed Conflict
ETH,2001,1.0,UCDP Armed Conflict
ETH,2002,1.0,UCDP Armed Conflict
ETH,2003,1.0,UCDP Armed Conflict
ETH,2004,1.0,UCDP Armed Conflict
ETH,2005,1.0,UCDP Armed Conflict
ETH,2006,1.0,UCDP Armed Conflict
ETH,2007,1.0,UCDP Armed Conflict
ETH,2008,1.0,UCDP Armed Conflict
ETH,2009,1.0,UCDP Armed Conflict
ETH,2010,1.0,UCDP Armed Conflict
ETH,2011,1.0,UCDP Armed Conflict
ETH,2012,1.0,UCDP Armed Conflict
ETH,2013,1.0,UCDP Armed Conflict
ETH,2014,1.0,UCDP Armed Conflict
ETH,2015,1.0,UCDP Armed Conflict
ETH,2016,1.0,UCDP Armed Conflict
ETH,2019,1.0,UCDP Armed Conflict
ETH,2020,2.0,UCDP Armed Conflict
ETH,2021,2.0,UCDP Armed Conflict
ETH,2022,2.0,UCDP Armed Conflict
ETH,2023,2.0,UCDP Armed Conflict
ETH,2024,2.0,UCDP Armed Conflict
FRA,1946,1.0,UCDP Armed Conflict
FRA,1956,2.0,UCDP Armed Conflict
FRA,1961,2.0,UCDP Armed Conflict
FRA,1962,2.0,UCDP Armed Conflict
GAB,1964,1.0,UCDP Armed Conflict
GBR,1946,1.0,UCDP Armed Conflict
GBR,1951,1.0,UCDP Armed Conflict
GBR,1952,1.0,UCDP Armed Conflict
GBR,1956,2.0,UCDP Armed Conflict
GBR,1971,1.0,UCDP Armed Conflict
GBR,1972,1.0,UCDP Armed Conflict
GBR,1973,1.0,UCDP Armed Conflict
GBR,1974,1.0,UCDP Armed Conflict
GBR,1975,1.0,UCDP Armed Conflict
GBR,1976,1.0,UCDP Armed Conflict
GBR,1977,1.0,UCDP Armed Conflict
GBR,1978,1.0,UCDP Armed Conflict
GBR,1979,1.0,UCDP Armed Conflict
GBR,1980,1.0,UCDP Armed Conflict
GBR,1981,1.0,UCDP Armed Conflict
GBR,1982,1.0,UCDP Armed Conflict
GBR,1983,1.0,UCDP Armed Conflict
GBR,1984,1.0,UCDP Armed Conflict
GBR,1985,1.0,UCDP Armed Conflict
GBR,1986,1.0,UCDP Armed Conflict
GBR,1987,1.0,UCDP Armed Conflict
GBR,1988,1.0,UCDP Armed Conflict
GBR,1989,1.0,UCDP Armed Conflict
GBR,1990,1.0,UCDP Armed Conflict
GBR,1991,1.0,UCDP Armed Conflict
GBR,1998,1.0,UCDP Armed Conflict
GBR,2001,2.0,UCDP Armed Conflict
GBR,2003,2.0,UCDP Armed Conflict
GBR,2024,1.0,UCDP Armed Conflict
GEO,1991,1.0,UCDP Armed Conflict
GEO,1992,1.0,UCDP Armed Conflict
GEO,1993,2.0,UCDP Armed Conflict
GEO,2004,1.0,UCDP Armed Conflict
GEO,2008,1.0,UCDP Armed Conflict
GHA,1966,1.0,UCDP Armed Conflict
GHA,1981,1.0,UCDP Armed Conflict
GHA,1983,1.0,UCDP Armed Conflict
GIN,2000,1.0,UCDP Armed Conflict
GIN,2001,1.0,UCDP Armed Conflict
GMB,1981,1.0,UCDP Armed Conflict
GNB,1963,1.0,UCDP Armed Conflict
GNB,1964,1.0,UCDP Armed Conflict
GNB,1965,1.0,UCDP Armed Conflict
GNB,1966,1.0,UCDP Armed Conflict
GNB,1967,1.0,UCDP Armed Conflict
GNB,1968,1.0,UCDP Armed Conflict
GNB,1969,1.0,UCDP Armed Conflict
GNB,1970,1.0,UCDP Armed Conflict
GNB,1971,1.0,UCDP Armed Conflict
GNB,1972,1.0,UCDP Armed Conflict
GNB,1973,1.0,UCDP Armed Conflict
GNB,1998,1.0,UCDP Armed Conflict
GNB,1999,1.0,UCDP Armed Conflict
GRC,1946,2.0,UCDP Armed Conflict
GRC,1947,2.0,UCDP Armed Conflict
GRC,1948,2.0,UCDP Armed Conflict
GRC,1949,2.0,UCDP Armed Conflict
GRD,1983,1.0,UCDP Armed Conflict
GTM,1949,1.0,UCDP Armed Conflict
GTM,1954,1.0,UCDP Armed Conflict
GTM,1963,1.0,UCDP Armed Conflict
GTM,1965,1.0,UCDP Armed Conflict
GTM,1966,1.0,UCDP Armed Conflict
GTM,1967,1.0,UCDP Armed Conflict
GTM,1968,1.0,UCDP Armed Conflict
GTM,1969,1.0,UCDP Armed Conflict
GTM,1970,1.0,UCDP Armed Conflict
GTM,1971,1.0,UCDP Armed Conflict
GTM,1972,1.0,UCDP Armed Conflict
GTM,1973,1.0,UCDP Armed Conflict
GTM,1974,1.0,UCDP Armed Conflict
GTM,1975,1.0,UCDP Armed Conflict
GTM,1976,1.0,UCDP Armed Conflict
GTM,1977,1.0,UCDP Armed Conflict
GTM,1978,1.0,UCDP Armed Conflict
GTM,1979,1.0,UCDP Armed Conflict
GTM,1980,1.0,UCDP Armed Conflict
GTM,1981,1.0,UCDP Armed Conflict
GTM,1982,1.0,UCDP Armed Conflict
GTM,1983,1.0,UCDP Armed Conflict
GTM,1984,1.0,UCDP Armed Conflict
GTM,1985,1.0,UCDP Armed Conflict
GTM,1986,1.0,UCDP Armed Conflict
GTM,1987,1.0,UCDP Armed Conflict
GTM,1988,1.0,UCDP Armed Conflict
GTM,1989,1.0,UCDP Armed Conflict
GTM,1990,1.0,UCDP Armed Conflict
GTM,1991,1.0,UCDP Armed Conflict
GTM,1992,1.0,UCDP Armed Conflict
GTM,1993,1.0,UCDP Armed Conflict
GTM,1994,1.0,UCDP Armed Conflict
GTM,1995,1.0,UCDP Armed Conflict
HND,1957,1.0,UCDP Armed Conflict
HND,1969,2.0,UCDP Armed Conflict
HRV,1992,2.0,UCDP Armed Conflict
HRV,1993,1.0,UCDP Armed Conflict
HRV,1994,1.0,UCDP Armed Conflict
HRV,1995,2.0,UCDP Armed Conflict
HTI,1989,1.0,UCDP Armed Conflict
HTI,1991,1.0,UCDP Armed Conflict
HTI,2004,1.0,UCDP Armed Conflict
HTI,2024,1.0,UCDP Armed Conflict
HUN,1956,2.0,UCDP Armed Conflict
IDN,1946,1.0,UCDP Armed Conflict
IDN,1947,1.0,UCDP Armed Conflict
IDN,1948,1.0,UCDP Armed Conflict
IDN,1949,1.0,UCDP Armed Conflict
IDN,1950,2.0,UCDP Armed Conflict
IDN,1953,2.0,UCDP Armed Conflict
IDN,1958,2.0,UCDP Armed Conflict
IDN,1959,2.0,UCDP Armed Conflict
IDN,1960,1.0,UCDP Armed Conflict
IDN,1961,2.0,UCDP Armed Conflict
IDN,1962,1.0,UCDP Armed Conflict
IDN,1963,1.0,UCDP Armed Conflict
IDN,1964,1.0,UCDP Armed Conflict
IDN,1965,1.0,UCDP Armed Conflict
IDN,1966,1.0,UCDP Armed Conflict
IDN,1967,1.0,UCDP Armed Conflict
IDN,1968,1.0,UCDP Armed Conflict
IDN,1969,1.0,UCDP Armed Conflict
IDN,1975,2.0,UCDP Armed Conflict
IDN,1976,2.0,UCDP Armed Conflict
IDN,1977,2.0,UCDP Armed Conflict
IDN,1978,2.0,UCDP Armed Conflict
IDN,1979,1.0,UCDP Armed Conflict
IDN,1980,1.0,UCDP Armed Conflict
IDN,1981,2.0,UCDP Armed Conflict
IDN,1982,1.0,UCDP Armed Conflict
IDN,1983,1.0,UCDP Armed Conflict
IDN,1984,1.0,UCDP Armed Conflict
IDN,1985,1.0,UCDP Armed Conflict
IDN,1986,1.0,UCDP Armed Conflict
IDN,1987,1.0,UCDP Armed Conflict
IDN,1988,1.0,UCDP Armed Conflict
IDN,1990,1.0,UCDP Armed Conflict
IDN,1991,1.0,UCDP Armed Conflict
IDN,1992,1.0,UCDP Armed Conflict
IDN,1997,1.0,UCDP Armed Conflict
IDN,1998,1.0,UCDP Armed Conflict
IDN,1999,1.0,UCDP Armed Conflict
IDN,2000,1.0,UCDP Armed Conflict
IDN,2001,1.0,UCDP Armed Conflict
IDN,2002,1.0,UCDP Armed Conflict
IDN,2003,1.0,UCDP Armed Conflict
IDN,2004,1.0,UCDP Armed Conflict
IDN,2005,1.0,UCDP Armed Conflict
IDN,2018,1.0,UCDP Armed Conflict
IDN,2019,1.0,UCDP Armed Conflict
IDN,2020,1.0,UCDP Armed Conflict
IDN,2021,1.0,UCDP Armed Conflict
IDN,2022,1.0,UCDP Armed Conflict
IDN,2023,1.0,UCDP Armed Conflict
IDN,2024,1.0,UCDP Armed Conflict
IND,1948,2.0,UCDP Armed Conflict
IND,1949,2.0,UCDP Armed Conflict
IND,1950,2.0,UCDP Armed Conflict
IND,1951,2.0,UCDP Armed Conflict
IND,1956,1.0,UCDP Armed Conflict
IND,1957,1.0,UCDP Armed Conflict
IND,1958,1.0,UCDP Armed Conflict
IND,1959,1.0,UCDP Armed Conflict
IND,1961,1.0,UCDP Armed Conflict
IND,1962,2.0,UCDP Armed Conflict
IND,1963,1.0,UCDP Armed Conflict
IND,1964,1.0,UCDP Armed Conflict
IND,1965,2.0,UCDP Armed Conflict
IND,1966,1.0,UCDP Armed Conflict
IND,1967,1.0,UCDP Armed Conflict
IND,1968,1.0,UCDP Armed Conflict
IND,1969,1.0,UCDP Armed Conflict
IND,1970,1.0,UCDP Armed Conflict
IND,1971,2.0,UCDP Armed Conflict
IND,1979,1.0,UCDP Armed Conflict
IND,1980,1.0,UCDP Armed Conflict
IND,1981,1.0,UCDP Armed Conflict
IND,1982,1.0,UCDP Armed Conflict
IND,1983,1.0,UCDP Armed Conflict
IND,1984,1.0,UCDP Armed Conflict
IND,1985,1.0,UCDP Armed Conflict
IND,1986,1.0,UCDP Armed Conflict
IND,1987,1.0,UCDP Armed Conflict
IND,1988,2.0,UCDP Armed Conflict
IND,1989,1.0,UCDP Armed Conflict
IND,1990,2.0,UCDP Armed Conflict
IND,1991,2.0,UCDP Armed Conflict
IND,1992,2.0,UCDP Armed Conflict
IND,1993,1.0,UCDP Armed Conflict
IND,1994,1.0,UCDP Armed Conflict
IND,1995,1.0,UCDP Armed Conflict
IND,1996,1.0,UCDP Armed Conflict
IND,1997,1.0,UCDP Armed Conflict
IND,1998,1.0,UCDP Armed Conflict
IND,1999,1.0,UCDP Armed Conflict
IND,2000,2.0,UCDP Armed Conflict
IND,2001,1.0,UCDP Armed Conflict
IND,2002,2.0,UCDP Armed Conflict
IND,2003,2.0,UCDP Armed Conflict
IND,2004,2.0,UCDP Armed Conflict
IND,2005,2.0,UCDP Armed Conflict
IND,2006,1.0,UCDP Armed Conflict
IND,2007,1.0,UCDP Armed Conflict
IND,2008,1.0,UCDP Armed Conflict
IND,2009,1.0,UCDP Armed Conflict
IND,2010,1.0,UCDP Armed Conflict
IND,2011,1.0,UCDP Armed Conflict
IND,2012,1.0,UCDP Armed Conflict
IND,2013,1.0,UCDP Armed Conflict
IND,2014,1.0,UCDP Armed Conflict
IND,2015,1.0,UCDP Armed Conflict
IND,2016,1.0,UCDP Armed Conflict
IND,2017,1.0,UCDP Armed Conflict
IND,2018,1.0,UCDP Armed Conflict
IND,2019,1.0,UCDP Armed Conflict
IND,2020,1.0,UCDP Armed Conflict
IND,2021,1.0,UCDP Armed Conflict
IND,2022,1.0,UCDP Armed Conflict
IND,2023,1.0,UCDP Armed Conflict
IND,2024,1.0,UCDP Armed Conflict
IRN,1946,1.0,UCDP Armed Conflict
IRN,1966,1.0,UCDP Armed Conflict
IRN,1967,1.0,UCDP Armed Conflict
IRN,1968,1.0,UCDP Armed Conflict
IRN,1974,1.0,UCDP Armed Conflict
IRN,1979,2.0,UCDP Armed Conflict
IRN,1980,2.0,UCDP Armed Conflict
IRN,1981,2.0,UCDP Armed Conflict
IRN,1982,2.0,UCDP Armed Conflict
IRN,1983,2.0,UCDP Armed Conflict
IRN,1984,2.0,UCDP Armed Conflict
IRN,1985,2.0,UCDP Armed Conflict
IRN,1986,2.0,UCDP Armed Conflict
IRN,1987,2.0,UCDP Armed Conflict
IRN,1988,2.0,UCDP Armed Conflict
IRN,1990,1.0,UCDP Armed Conflict
IRN,1991,1.0,UCDP Armed Conflict
IRN,1993,1.0,UCDP Armed Conflict
IRN,1996,1.0,UCDP Armed Conflict
IRN,1997,1.0,UCDP Armed Conflict
IRN,1999,1.0,UCDP Armed Conflict
IRN,2000,1.0,UCDP Armed Conflict
IRN,2001,1.0,UCDP Armed Conflict
IRN,2005,1.0,UCDP Armed Conflict
IRN,2006,1.0,UCDP Armed Conflict
IRN,2007,1.0,UCDP Armed Conflict
IRN,2008,1.0,UCDP Armed Conflict
IRN,2009,1.0,UCDP Armed Conflict
IRN,2010,1.0,UCDP Armed Conflict
IRN,2011,1.0,UCDP Armed Conflict
IRN,2016,1.0,UCDP Armed Conflict
IRN,2017,1.0,UCDP Armed Conflict
IRN,2018,1.0,UCDP Armed Conflict
IRN,2019,1.0,UCDP Armed Conflict
IRN,2020,1.0,UCDP Armed Conflict
IRN,2021,1.0,UCDP Armed Conflict
IRN,2022,1.0,UCDP Armed Conflict
IRN,2023,1.0,UCDP Armed Conflict
IRN,2024,1.0,UCDP Armed Conflict
IRQ,1948,2.0,UCDP Armed Conflict
IRQ,1949,1.0,UCDP Armed Conflict
IRQ,1958,1.0,UCDP Armed Conflict
IRQ,1959,1.0,UCDP Armed Conflict
IRQ,1961,2.0,UCDP Armed Conflict
IRQ,1962,2.0,UCDP Armed Conflict
IRQ,1963,2.0,UCDP Armed Conflict
IRQ,1964,1.0,UCDP Armed Conflict
IRQ,1965,2.0,UCDP Armed Conflict
IRQ,1966,2.0,UCDP Armed Conflict
IRQ,1967,1.0,UCDP Armed Conflict
IRQ,1968,1.0,UCDP Armed Conflict
IRQ,1969,2.0,UCDP Armed Conflict
IRQ,1970,1.0,UCDP Armed Conflict
IRQ,1973,1.0,UCDP Armed Conflict
IRQ,1974,2.0,UCDP Armed Conflict
IRQ,1975,2.0,UCDP Armed Conflict
IRQ,1976,1.0,UCDP Armed Conflict
IRQ,1977,1.0,UCDP Armed Conflict
IRQ,1978,1.0,UCDP Armed Conflict
IRQ,1979,1.0,UCDP Armed Conflict
IRQ,1980,2.0,UCDP Armed Conflict
IRQ,1981,2.0,UCDP Armed Conflict
IRQ,1982,2.0,UCDP Armed Conflict
IRQ,1983,2.0,UCDP Armed Conflict
IRQ,1984,2.0,UCDP Armed Conflict
IRQ,1985,2.0,UCDP Armed Conflict
IRQ,1986,2.0,UCDP Armed Conflict
IRQ,1987,2.0,UCDP Armed Conflict
IRQ,1988,2.0,UCDP Armed Conflict
IRQ,1989,1.0,UCDP Armed Conflict
IRQ,1990,2.0,UCDP Armed Conflict
IRQ,1991,2.0,UCDP Armed Conflict
IRQ,1992,1.0,UCDP Armed Conflict
IRQ,1993,1.0,UCDP Armed Conflict
IRQ,1994,1.0,UCDP Armed Conflict
IRQ,1995,1.0,UCDP Armed Conflict
IRQ,1996,1.0,UCDP Armed Conflict
IRQ,2003,2.0,UCDP Armed Conflict
IRQ,2004,2.0,UCDP Armed Conflict
IRQ,2005,2.0,UCDP Armed Conflict
IRQ,2006,2.0,UCDP Armed Conflict
IRQ,2007,2.0,UCDP Armed Conflict
IRQ,2008,2.0,UCDP Armed Conflict
IRQ,2009,2.0,UCDP Armed Conflict
IRQ,2010,1.0,UCDP Armed Conflict
IRQ,2011,1.0,UCDP Armed Conflict
IRQ,2012,1.0,UCDP Armed Conflict
IRQ,2013,2.0,UCDP Armed Conflict
IRQ,2014,2.0,UCDP Armed Conflict
IRQ,2015,2.0,UCDP Armed Conflict
IRQ,2016,2.0,UCDP Armed Conflict
IRQ,2017,2.0,UCDP Armed Conflict
IRQ,2018,1.0,UCDP Armed Conflict
IRQ,2019,1.0,UCDP Armed Conflict
IRQ,2020,1.0,UCDP Armed Conflict
IRQ,2021,1.0,UCDP Armed Conflict
IRQ,2022,1.0,UCDP Armed Conflict
IRQ,2023,1.0,UCDP Armed Conflict
IRQ,2024,1.0,UCDP Armed Conflict
ISR,1946,1.0,UCDP Armed Conflict
ISR,1948,2.0,UCDP Armed Conflict
ISR,1949,1.0,UCDP Armed Conflict
ISR,1950,1.0,UCDP Armed Conflict
ISR,1951,1.0,UCDP Armed Conflict
ISR,1952,1.0,UCDP Armed Conflict
ISR,1953,1.0,UCDP Armed Conflict
ISR,1954,1.0,UCDP Armed Conflict
ISR,1955,1.0,UCDP Armed Conflict
ISR,1956,2.0,UCDP Armed Conflict
ISR,1957,1.0,UCDP Armed Conflict
ISR,1958,1.0,UCDP Armed Conflict
ISR,1959,1.0,UCDP Armed Conflict
ISR,1960,1.0,UCDP Armed Conflict
ISR,1961,1.0,UCDP Armed Conflict
ISR,1962,1.0,UCDP Armed Conflict
ISR,1963,1.0,UCDP Armed Conflict
ISR,1964,1.0,UCDP Armed Conflict
ISR,1965,1.0,UCDP Armed Conflict
ISR,1966,1.0,UCDP Armed Conflict
ISR,1967,2.0,UCDP Armed Conflict
ISR,1968,1.0,UCDP Armed Conflict
ISR,1969,1.0,UCDP Armed Conflict
ISR,1970,1.0,UCDP Armed Conflict
ISR,1971,1.0,UCDP Armed Conflict
ISR,1972,1.0,UCDP Armed Conflict
ISR,1973,2.0,UCDP Armed Conflict
ISR,1974,1.0,UCDP Armed Conflict
ISR,1975,1.0,UCDP Armed Conflict
ISR,1976,1.0,UCDP Armed Conflict
ISR,1977,1.0,UCDP Armed Conflict
ISR,1978,1.0,UCDP Armed Conflict
ISR,1979,1.0,UCDP Armed Conflict
ISR,1980,1.0,UCDP Armed Conflict
ISR,1981,1.0,UCDP Armed Conflict
ISR,1982,2.0,UCDP Armed Conflict
ISR,1983,1.0,UCDP Armed Conflict
ISR,1984,1.0,UCDP Armed Conflict
ISR,1985,1.0,UCDP Armed Conflict
ISR,1986,1.0,UCDP Armed Conflict
ISR,1987,1.0,UCDP Armed Conflict
ISR,1988,1.0,UCDP Armed Conflict
ISR,1989,1.0,UCDP Armed Conflict
ISR,1990,1.0,UCDP Armed Conflict
ISR,1991,1.0,UCDP Armed Conflict
ISR,1992,1.0,UCDP Armed Conflict
ISR,1993,1.0,UCDP Armed Conflict
ISR,1994,1.0,UCDP Armed Conflict
ISR,1995,1.0,UCDP Armed Conflict
ISR,1996,1.0,UCDP Armed Conflict
ISR,1997,1.0,UCDP Armed Conflict
ISR,1998,1.0,UCDP Armed Conflict
ISR,1999,1.0,UCDP Armed Conflict
ISR,2000,1.0,UCDP Armed Conflict
ISR,2001,1.0,UCDP Armed Conflict
ISR,2002,1.0,UCDP Armed Conflict
ISR,2003,1.0,UCDP Armed Conflict
ISR,2004,1.0,UCDP Armed Conflict
ISR,2005,1.0,UCDP Armed Conflict
ISR,2006,2.0,UCDP Armed Conflict
ISR,2007,1.0,UCDP Armed Conflict
ISR,2008,1.0,UCDP Armed Conflict
ISR,2009,1.0,UCDP Armed Conflict
ISR,2010,1.0,UCDP Armed Conflict
ISR,2011,1.0,UCDP Armed Conflict
ISR,2012,1.0,UCDP Armed Conflict
ISR,2014,2.0,UCDP Armed Conflict
ISR,2018,1.0,UCDP Armed Conflict
ISR,2019,1.0,UCDP Armed Conflict
ISR,2020,1.0,UCDP Armed Conflict
ISR,2021,1.0,UCDP Armed Conflict
ISR,2022,1.0,UCDP Armed Conflict
ISR,2023,2.0,UCDP Armed Conflict
ISR,2024,2.0,UCDP Armed Conflict
JOR,1948,2.0,UCDP Armed Conflict
JOR,1949,1.0,UCDP Armed Conflict
JOR,1967,2.0,UCDP Armed Conflict
JOR,2016,1.0,UCDP Armed Conflict
KEN,1952,1.0,UCDP Armed Conflict
KEN,1953,2.0,UCDP Armed Conflict
KEN,1954,2.0,UCDP Armed Conflict
KEN,1955,2.0,UCDP Armed Conflict
KEN,1956,2.0,UCDP Armed Conflict
KEN,1982,1.0,UCDP Armed Conflict
KEN,2015,1.0,UCDP Armed Conflict
KEN,2016,1.0,UCDP Armed Conflict
KEN,2017,1.0,UCDP Armed Conflict
KEN,2018,1.0,UCDP Armed Conflict
KEN,2019,1.0,UCDP Armed Conflict
KEN,2020,1.0,UCDP Armed Conflict
KEN,2021,1.0,UCDP Armed Conflict
KEN,2022,1.0,UCDP Armed Conflict
KEN,2023,1.0,UCDP Armed Conflict
KEN,2024,1.0,UCDP Armed Conflict
KGZ,2021,1.0,UCDP Armed Conflict
KGZ,2022,1.0,UCDP Armed Conflict
KOR,1949,1.0,UCDP Armed Conflict
KOR,1950,2.0,UCDP Armed Conflict
KOR,1951,2.0,UCDP Armed Conflict
KOR,1952,2.0,UCDP Armed Conflict
KOR,1953,2.0,UCDP Armed Conflict
KWT,1990,2.0,UCDP Armed Conflict
KWT,1991,2.0,UCDP Armed Conflict
LAO,1946,1.0,UCDP Armed Conflict
LAO,1947,1.0,UCDP Armed Conflict
LAO,1948,1.0,UCDP Armed Conflict
LAO,1949,1.0,UCDP Armed Conflict
LAO,1950,1.0,UCDP Armed Conflict
LAO,1951,1.0,UCDP Armed Conflict
LAO,1952,1.0,UCDP Armed Conflict
LAO,1953,1.0,UCDP Armed Conflict
LAO,1959,2.0,UCDP Armed Conflict
LAO,1960,2.0,UCDP Armed Conflict
LAO,1961,2.0,UCDP Armed Conflict
LAO,1963,2.0,UCDP Armed Conflict
LAO,1964,2.0,UCDP Armed Conflict
LAO,1965,2.0,UCDP Armed Conflict
LAO,1966,2.0,UCDP Armed Conflict
LAO,1967,2.0,UCDP Armed Conflict
LAO,1968,2.0,UCDP Armed Conflict
LAO,1969,2.0,UCDP Armed Conflict
LAO,1970,2.0,UCDP Armed Conflict
LAO,1971,2.0,UCDP Armed Conflict
LAO,1972,2.0,UCDP Armed Conflict
LAO,1973,2.0,UCDP Armed Conflict
LAO,1986,1.0,UCDP Armed Conflict
LAO,1987,1.0,UCDP Armed Conflict
LAO,1988,1.0,UCDP Armed Conflict
LAO,1989,1.0,UCDP Armed Conflict
LAO,1990,1.0,UCDP Armed Conflict
LBN,1948,2.0,UCDP Armed Conflict
LBN,1949,1.0,UCDP Armed Conflict
LBN,1958,2.0,UCDP Armed Conflict
LBN,1975,1.0,UCDP Armed Conflict
LBN,1976,2.0,UCDP Armed Conflict
LBN,1982,1.0,UCDP Armed Conflict
LBN,1983,1.0,UCDP Armed Conflict
LBN,1984,2.0,UCDP Armed Conflict
LBN,1985,1.0,UCDP Armed Conflict
LBN,1986,1.0,UCDP Armed Conflict
LBN,1989,1.0,UCDP Armed Conflict
LBN,1990,1.0,UCDP Armed Conflict
LBN,2014,1.0,UCDP Armed Conflict
LBN,2015,1.0,UCDP Armed Conflict
LBN,2017,1.0,UCDP Armed Conflict
LBR,1980,1.0,UCDP Armed Conflict
LBR,1989,1.0,UCDP Armed Conflict
LBR,1990,1.0,UCDP Armed Conflict
LBR,2000,1.0,UCDP Armed Conflict
LBR,2001,1.0,UCDP Armed Conflict
LBR,2002,1.0,UCDP Armed Conflict
LBR,2003,2.0,UCDP Armed Conflict
LBY,1987,2.0,UCDP Armed Conflict
LBY,2011,2.0,UCDP Armed Conflict
LBY,2013,1.0,UCDP Armed Conflict
LBY,2014,1.0,UCDP Armed Conflict
LBY,2015,1.0,UCDP Armed Conflict
LBY,2016,2.0,UCDP Armed Conflict
LBY,2017,1.0,UCDP Armed Conflict
LBY,2018,1.0,UCDP Armed Conflict
LBY,2019,2.0,UCDP Armed Conflict
LBY,2020,1.0,UCDP Armed Conflict
LKA,1971,2.0,UCDP Armed Conflict
LKA,1984,1.0,UCDP Armed Conflict
LKA,1985,1.0,UCDP Armed Conflict
LKA,1986,1.0,UCDP Armed Conflict
LKA,1987,2.0,UCDP Armed Conflict
LKA,1988,1.0,UCDP Armed Conflict
LKA,1989,1.0,UCDP Armed Conflict
LKA,1990,2.0,UCDP Armed Conflict
LKA,1991,2.0,UCDP Armed Conflict
LKA,1992,2.0,UCDP Armed Conflict
LKA,1993,2.0,UCDP Armed Conflict
LKA,1994,1.0,UCDP Armed Conflict
LKA,1995,2.0,UCDP Armed Conflict
LKA,1996,2.0,UCDP Armed Conflict
LKA,1997,2.0,UCDP Armed Conflict
LKA,1998,2.0,UCDP Armed Conflict
LKA,1999,2.0,UCDP Armed Conflict
LKA,2000,2.0,UCDP Armed Conflict
LKA,2001,2.0,UCDP Armed Conflict
LKA,2003,1.0,UCDP Armed Conflict
LKA,2005,1.0,UCDP Armed Conflict
LKA,2006,2.0,UCDP Armed Conflict
LKA,2007,2.0,UCDP Armed Conflict
LKA,2008,2.0,UCDP Armed Conflict
LKA,2009,2.0,UCDP Armed Conflict
LSO,1998,1.0,UCDP Armed Conflict
MAR,1953,1.0,UCDP Armed Conflict
MAR,1954,1.0,UCDP Armed Conflict
MAR,1955,1.0,UCDP Armed Conflict
MAR,1956,1.0,UCDP Armed Conflict
MAR,1957,1.0,UCDP Armed Conflict
MAR,1958,1.0,UCDP Armed Conflict
MAR,1963,1.0,UCDP Armed Conflict
MAR,1971,1.0,UCDP Armed Conflict
MAR,1975,1.0,UCDP Armed Conflict
MAR,1976,1.0,UCDP Armed Conflict
MAR,1977,1.0,UCDP Armed Conflict
MAR,1978,1.0,UCDP Armed Conflict
MAR,1979,2.0,UCDP Armed Conflict
MAR,1980,2.0,UCDP Armed Conflict
MAR,1981,1.0,UCDP Armed Conflict
MAR,1982,1.0,UCDP Armed Conflict
MAR,1983,1.0,UCDP Armed Conflict
MAR,1984,1.0,UCDP Armed Conflict
MAR,1985,1.0,UCDP Armed Conflict
MAR,1986,1.0,UCDP Armed Conflict
MAR,1987,1.0,UCDP Armed Conflict
MAR,1988,1.0,UCDP Armed Conflict
MAR,1989,1.0,UCDP Armed Conflict
MDA,1992,1.0,UCDP Armed Conflict
MEX,1994,1.0,UCDP Armed Conflict
MEX,1996,1.0,UCDP Armed Conflict
MKD,2001,1.0,UCDP Armed Conflict
MLI,1985,1.0,UCDP Armed Conflict
MLI,1990,1.0,UCDP Armed Conflict
MLI,1991,1.0,UCDP Armed Conflict
MLI,1994,1.0,UCDP Armed Conflict
MLI,2007,1.0,UCDP Armed Conflict
MLI,2008,1.0,UCDP Armed Conflict
MLI,2009,1.0,UCDP Armed Conflict
MLI,2012,1.0,UCDP Armed Conflict
MLI,2013,1.0,UCDP Armed Conflict
MLI,2014,1.0,UCDP Armed Conflict
MLI,2015,1.0,UCDP Armed Conflict
MLI,2016,1.0,UCDP Armed Conflict
MLI,2017,1.0,UCDP Armed Conflict
MLI,2018,1.0,UCDP Armed Conflict
MLI,2019,1.0,UCDP Armed Conflict
MLI,2020,1.0,UCDP Armed Conflict
MLI,2021,1.0,UCDP Armed Conflict
MLI,2022,2.0,UCDP Armed Conflict
MLI,2023,1.0,UCDP Armed Conflict
MLI,2024,1.0,UCDP Armed Conflict
MOZ,1964,1.0,UCDP Armed Conflict
MOZ,1965,1.0,UCDP Armed Conflict
MOZ,1966,1.0,UCDP Armed Conflict
MOZ,1967,1.0,UCDP Armed Conflict
MOZ,1968,1.0,UCDP Armed Conflict
MOZ,1969,1.0,UCDP Armed Conflict
MOZ,1970,1.0,UCDP Armed Conflict
MOZ,1971,1.0,UCDP Armed Conflict
MOZ,1972,2.0,UCDP Armed Conflict
MOZ,1973,2.0,UCDP Armed Conflict
MOZ,1974,1.0,UCDP Armed Conflict
MOZ,1977,1.0,UCDP Armed Conflict
MOZ,1978,1.0,UCDP Armed Conflict
MOZ,1979,1.0,UCDP Armed Conflict
MOZ,1980,1.0,UCDP Armed Conflict
MOZ,1981,2.0,UCDP Armed Conflict
MOZ,1982,2.0,UCDP Armed Conflict
MOZ,1983,2.0,UCDP Armed Conflict
MOZ,1984,2.0,UCDP Armed Conflict
MOZ,1985,2.0,UCDP Armed Conflict
MOZ,1986,2.0,UCDP Armed Conflict
MOZ,1987,2.0,UCDP Armed Conflict
MOZ,1988,2.0,UCDP Armed Conflict
MOZ,1989,2.0,UCDP Armed Conflict
MOZ,1990,2.0,UCDP Armed Conflict
MOZ,1991,2.0,UCDP Armed Conflict
MOZ,1992,1.0,UCDP Armed Conflict
MOZ,2013,1.0,UCDP Armed Conflict
MOZ,2014,1.0,UCDP Armed Conflict
MOZ,2016,1.0,UCDP Armed Conflict
MOZ,2018,1.0,UCDP Armed Conflict
MOZ,2019,1.0,UCDP Armed Conflict
MOZ,2020,1.0,UCDP Armed Conflict
MOZ,2021,1.0,UCDP Armed Conflict
MOZ,2022,1.0,UCDP Armed Conflict
MOZ,2023,1.0,UCDP Armed Conflict
MOZ,2024,1.0,UCDP Armed Conflict
MRT,1957,1.0,UCDP Armed Conflict
MRT,1958,1.0,UCDP Armed Conflict
MRT,1975,1.0,UCDP Armed Conflict
MRT,1976,1.0,UCDP Armed Conflict
MRT,1977,1.0,UCDP Armed Conflict
MRT,1978,1.0,UCDP Armed Conflict
MRT,2010,1.0,UCDP Armed Conflict
MYS,1948,1.0,UCDP Armed Conflict
MYS,1949,1.0,UCDP Armed Conflict
MYS,1950,2.0,UCDP Armed Conflict
MYS,1951,2.0,UCDP Armed Conflict
MYS,1952,2.0,UCDP Armed Conflict
MYS,1953,2.0,UCDP Armed Conflict
MYS,1954,1.0,UCDP Armed Conflict
MYS,1955,1.0,UCDP Armed Conflict
MYS,1956,1.0,UCDP Armed Conflict
MYS,1957,1.0,UCDP Armed Conflict
MYS,1958,1.0,UCDP Armed Conflict
MYS,1959,1.0,UCDP Armed Conflict
MYS,1960,1.0,UCDP Armed Conflict
MYS,1963,1.0,UCDP Armed Conflict
MYS,1964,1.0,UCDP Armed Conflict
MYS,1965,1.0,UCDP Armed Conflict
MYS,1966,1.0,UCDP Armed Conflict
MYS,1974,1.0,UCDP Armed Conflict
MYS,1975,1.0,UCDP Armed Conflict
MYS,1981,1.0,UCDP Armed Conflict
MYS,2013,1.0,UCDP Armed Conflict
NER,1991,1.0,UCDP Armed Conflict
NER,1992,1.0,UCDP Armed Conflict
NER,1994,1.0,UCDP Armed Conflict
NER,1995,1.0,UCDP Armed Conflict
NER,1997,1.0,UCDP Armed Conflict
NER,2007,1.0,UCDP Armed Conflict
NER,2008,1.0,UCDP Armed Conflict
NER,2015,1.0,UCDP Armed Conflict
NER,2016,1.0,UCDP Armed Conflict
NER,2017,1.0,UCDP Armed Conflict
NER,2018,1.0,UCDP Armed Conflict
NER,2019,1.0,UCDP Armed Conflict
NER,2020,1.0,UCDP Armed Conflict
NER,2021,1.0,UCDP Armed Conflict
NER,2022,1.0,UCDP Armed Conflict
NER,2023,1.0,UCDP Armed Conflict
NER,2024,1.0,UCDP Armed Conflict
NGA,1966,1.0,UCDP Armed Conflict
NGA,1967,2.0,UCDP Armed Conflict
NGA,1968,2.0,UCDP Armed Conflict
NGA,1969,2.0,UCDP Armed Conflict
NGA,1970,2.0,UCDP Armed Conflict
NGA,1983,1.0,UCDP Armed Conflict
NGA,1996,1.0,UCDP Armed Conflict
NGA,2004,1.0,UCDP Armed Conflict
NGA,2009,1.0,UCDP Armed Conflict
NGA,2011,1.0,UCDP Armed Conflict
NGA,2012,1.0,UCDP Armed Conflict
NGA,2013,2.0,UCDP Armed Conflict
NGA,2014,2.0,UCDP Armed Conflict
NGA,2015,2.0,UCDP Armed Conflict
NGA,2016,2.0,UCDP Armed Conflict
NGA,2017,2.0,UCDP Armed Conflict
NGA,2018,1.0,UCDP Armed Conflict
NGA,2019,2.0,UCDP Armed Conflict
NGA,2020,2.0,UCDP Armed Conflict
NGA,2021,2.0,UCDP Armed Conflict
NGA,2022,2.0,UCDP Armed Conflict
NGA,2023,2.0,UCDP Armed Conflict
NGA,2024,2.0,UCDP Armed Conflict
NIC,1957,1.0,UCDP Armed Conflict
NIC,1977,1.0,UCDP Armed Conflict
NIC,1978,2.0,UCDP Armed Conflict
NIC,1979,2.0,UCDP Armed Conflict
NIC,1982,1.0,UCDP Armed Conflict
NIC,1983,2.0,UCDP Armed Conflict
NIC,1984,2.0,UCDP Armed Conflict
NIC,1985,2.0,UCDP Armed Conflict
NIC,1986,2.0,UCDP Armed Conflict
NIC,1987,2.0,UCDP Armed Conflict
NIC,1988,2.0,UCDP Armed Conflict
NIC,1989,1.0,UCDP Armed Conflict
NIC,1990,1.0,UCDP Armed Conflict
NLD,1962,1.0,UCDP Armed Conflict
NPL,1960,1.0,UCDP Armed Conflict
NPL,1961,1.0,UCDP Armed Conflict
NPL,1962,1.0,UCDP Armed Conflict
NPL,1996,1.0,UCDP Armed Conflict
NPL,1997,1.0,UCDP Armed Conflict
NPL,1998,1.0,UCDP Armed Conflict
NPL,1999,1.0,UCDP Armed Conflict
NPL,2000,1.0,UCDP Armed Conflict
NPL,2001,1.0,UCDP Armed Conflict
NPL,2002,2.0,UCDP Armed Conflict
NPL,2003,2.0,UCDP Armed Conflict
NPL,2004,2.0,UCDP Armed Conflict
NPL,2005,2.0,UCDP Armed Conflict
NPL,2006,1.0,UCDP Armed Conflict
OMN,1957,1.0,UCDP Armed Conflict
OMN,1969,1.0,UCDP Armed Conflict
OMN,1970,1.0,UCDP Armed Conflict
OMN,1971,1.0,UCDP Armed Conflict
OMN,1972,1.0,UCDP Armed Conflict
OMN,1973,1.0,UCDP Armed Conflict
OMN,1974,1.0,UCDP Armed Conflict
OMN,1975,1.0,UCDP Armed Conflict
PAK,1948,2.0,UCDP Armed Conflict
PAK,1964,1.0,UCDP Armed Conflict
PAK,1965,2.0,UCDP Armed Conflict
PAK,1971,2.0,UCDP Armed Conflict
PAK,1974,2.0,UCDP Armed Conflict
PAK,1975,1.0,UCDP Armed Conflict
PAK,1976,1.0,UCDP Armed Conflict
PAK,1977,1.0,UCDP Armed Conflict
PAK,1984,1.0,UCDP Armed Conflict
PAK,1987,1.0,UCDP Armed Conflict
PAK,1989,1.0,UCDP Armed Conflict
PAK,1990,1.0,UCDP Armed Conflict
PAK,1991,1.0,UCDP Armed Conflict
PAK,1992,1.0,UCDP Armed Conflict
PAK,1994,1.0,UCDP Armed Conflict
PAK,1995,1.0,UCDP Armed Conflict
PAK,1996,1.0,UCDP Armed Conflict
PAK,1997,1.0,UCDP Armed Conflict
PAK,1998,1.0,UCDP Armed Conflict
PAK,1999,1.0,UCDP Armed Conflict
PAK,2000,1.0,UCDP Armed Conflict
PAK,2001,1.0,UCDP Armed Conflict
PAK,2002,1.0,UCDP Armed Conflict
PAK,2003,1.0,UCDP Armed Conflict
PAK,2004,1.0,UCDP Armed Conflict
PAK,2006,1.0,UCDP Armed Conflict
PAK,2007,1.0,UCDP Armed Conflict
PAK,2008,2.0,UCDP Armed Conflict
PAK,2009,2.0,UCDP Armed Conflict
PAK,2010,2.0,UCDP Armed Conflict
PAK,2011,2.0,UCDP Armed Conflict
PAK,2012,2.0,UCDP Armed Conflict
PAK,2013,2.0,UCDP Armed Conflict
PAK,2014,2.0,UCDP Armed Conflict
PAK,2015,2.0,UCDP Armed Conflict
PAK,2016,1.0,UCDP Armed Conflict
PAK,2017,1.0,UCDP Armed Conflict
PAK,2018,1.0,UCDP Armed Conflict
PAK,2019,1.0,UCDP Armed Conflict
PAK,2020,1.0,UCDP Armed Conflict
PAK,2021,1.0,UCDP Armed Conflict
PAK,2022,1.0,UCDP Armed Conflict
PAK,2023,1.0,UCDP Armed Conflict
PAK,2024,2.0,UCDP Armed Conflict
PAN,1989,1.0,UCDP Armed Conflict
PER,1965,1.0,UCDP Armed Conflict
PER,1982,1.0,UCDP Armed Conflict
PER,1983,2.0,UCDP Armed Conflict
PER,1984,2.0,UCDP Armed Conflict
PER,1985,2.0,UCDP Armed Conflict
PER,1986,1.0,UCDP Armed Conflict
PER,1987,1.0,UCDP Armed Conflict
PER,1988,2.0,UCDP Armed Conflict
PER,1989,2.0,UCDP Armed Conflict
PER,1990,2.0,UCDP Armed Conflict
PER,1991,2.0,UCDP Armed Conflict
PER,1992,2.0,UCDP Armed Conflict
PER,1993,1.0,UCDP Armed Conflict
PER,1994,1.0,UCDP Armed Conflict
PER,1995,1.0,UCDP Armed Conflict
PER,1996,1.0,UCDP Armed Conflict
PER,1997,1.0,UCDP Armed Conflict
PER,1998,1.0,UCDP Armed Conflict
PER,1999,1.0,UCDP Armed Conflict
PER,2007,1.0,UCDP Armed Conflict
PER,2008,1.0,UCDP Armed Conflict
PER,2009,1.0,UCDP Armed Conflict
PER,2010,1.0,UCDP Armed Conflict
PHL,1946,2.0,UCDP Armed Conflict
PHL,1947,2.0,UCDP Armed Conflict
PHL,1948,2.0,UCDP Armed Conflict
PHL,1949,2.0,UCDP Armed Conflict
PHL,1950,2.0,UCDP Armed Conflict
PHL,1951,2.0,UCDP Armed Conflict
PHL,1952,2.0,UCDP Armed Conflict
PHL,1953,2.0,UCDP Armed Conflict
PHL,1954,2.0,UCDP Armed Conflict
PHL,1969,1.0,UCDP Armed Conflict
PHL,1970,1.0,UCDP Armed Conflict
PHL,1971,1.0,UCDP Armed Conflict
PHL,1972,1.0,UCDP Armed Conflict
PHL,1973,1.0,UCDP Armed Conflict
PHL,1974,1.0,UCDP Armed Conflict
PHL,1975,1.0,UCDP Armed Conflict
PHL,1976,1.0,UCDP Armed Conflict
PHL,1977,1.0,UCDP Armed Conflict
PHL,1978,2.0,UCDP Armed Conflict
PHL,1979,1.0,UCDP Armed Conflict
PHL,1980,1.0,UCDP Armed Conflict
PHL,1981,2.0,UCDP Armed Conflict
PHL,1982,2.0,UCDP Armed Conflict
PHL,1983,2.0,UCDP Armed Conflict
PHL,1984,2.0,UCDP Armed Conflict
PHL,1985,2.0,UCDP Armed Conflict
PHL,1986,2.0,UCDP Armed Conflict
PHL,1987,2.0,UCDP Armed Conflict
PHL,1988,1.0,UCDP Armed Conflict
PHL,1989,1.0,UCDP Armed Conflict
PHL,1990,2.0,UCDP Armed Conflict
PHL,1991,2.0,UCDP Armed Conflict
PHL,1992,1.0,UCDP Armed Conflict
PHL,1993,1.0,UCDP Armed Conflict
PHL,1994,1.0,UCDP Armed Conflict
PHL,1995,1.0,UCDP Armed Conflict
PHL,1996,1.0,UCDP Armed Conflict
PHL,1997,1.0,UCDP Armed Conflict
PHL,1998,1.0,UCDP Armed Conflict
PHL,1999,1.0,UCDP Armed Conflict
PHL,2000,2.0,UCDP Armed Conflict
PHL,2001,1.0,UCDP Armed Conflict
PHL,2002,1.0,UCDP Armed Conflict
PHL,2003,1.0,UCDP Armed Conflict
PHL,2004,1.0,UCDP Armed Conflict
PHL,2005,1.0,UCDP Armed Conflict
PHL,2006,1.0,UCDP Armed Conflict
PHL,2007,1.0,UCDP Armed Conflict
PHL,2008,1.0,UCDP Armed Conflict
PHL,2009,1.0,UCDP Armed Conflict
PHL,2010,1.0,UCDP Armed Conflict
PHL,2011,1.0,UCDP Armed Conflict
PHL,2012,1.0,UCDP Armed Conflict
PHL,2013,1.0,UCDP Armed Conflict
PHL,2014,1.0,UCDP Armed Conflict
PHL,2015,1.0,UCDP Armed Conflict
PHL,2016,1.0,UCDP Armed Conflict
PHL,2017,2.0,UCDP Armed Conflict
PHL,2018,1.0,UCDP Armed Conflict
PHL,2019,1.0,UCDP Armed Conflict
PHL,2020,1.0,UCDP Armed Conflict
PHL,2021,1.0,UCDP Armed Conflict
PHL,2022,1.0,UCDP Armed Conflict
PHL,2023,1.0,UCDP Armed Conflict
PHL,2024,1.0,UCDP Armed Conflict
PNG,1990,1.0,UCDP Armed Conflict
PNG,1992,1.0,UCDP Armed Conflict
PNG,1993,1.0,UCDP Armed Conflict
PNG,1994,1.0,UCDP Armed Conflict
PNG,1995,1.0,UCDP Armed Conflict
PNG,1996,1.0,UCDP Armed Conflict
PRK,1949,1.0,UCDP Armed Conflict
PRK,1950,2.0,UCDP Armed Conflict
PRK,1951,2.0,UCDP Armed Conflict
PRK,1952,2.0,UCDP Armed Conflict
PRK,1953,2.0,UCDP Armed Conflict
PRY,1947,2.0,UCDP Armed Conflict
PRY,1954,1.0,UCDP Armed Conflict
PRY,1989,1.0,UCDP Armed Conflict
ROU,1989,1.0,UCDP Armed Conflict
RWA,1990,2.0,UCDP Armed Conflict
RWA,1991,1.0,UCDP Armed Conflict
RWA,1992,1.0,UCDP Armed Conflict
RWA,1993,1.0,UCDP Armed Conflict
RWA,1994,2.0,UCDP Armed Conflict
RWA,1996,1.0,UCDP Armed Conflict
RWA,1997,2.0,UCDP Armed Conflict
RWA,1998,2.0,UCDP Armed Conflict
RWA,1999,1.0,UCDP Armed Conflict
RWA,2000,1.0,UCDP Armed Conflict
RWA,2001,2.0,UCDP Armed Conflict
RWA,2002,1.0,UCDP Armed Conflict
RWA,2009,2.0,UCDP Armed Conflict
RWA,2010,1.0,UCDP Armed Conflict
RWA,2011,1.0,UCDP Armed Conflict
RWA,2012,1.0,UCDP Armed Conflict
RWA,2016,1.0,UCDP Armed Conflict
RWA,2019,1.0,UCDP Armed Conflict
RWA,2020,1.0,UCDP Armed Conflict
RWA,2022,1.0,UCDP Armed Conflict
RWA,2023,1.0,UCDP Armed Conflict
RWA,2024,1.0,UCDP Armed Conflict
SAU,1979,1.0,UCDP Armed Conflict
SDN,1963,2.0,UCDP Armed Conflict
SDN,1964,2.0,UCDP Armed Conflict
SDN,1965,2.0,UCDP Armed Conflict
SDN,1966,2.0,UCDP Armed Conflict
SDN,1967,2.0,UCDP Armed Conflict
SDN,1968,2.0,UCDP Armed Conflict
SDN,1969,2.0,UCDP Armed Conflict
SDN,1970,2.0,UCDP Armed Conflict
SDN,1971,2.0,UCDP Armed Conflict
SDN,1972,2.0,UCDP Armed Conflict
SDN,1976,1.0,UCDP Armed Conflict
SDN,1983,2.0,UCDP Armed Conflict
SDN,1984,2.0,UCDP Armed Conflict
SDN,1985,2.0,UCDP Armed Conflict
SDN,1986,2.0,UCDP Armed Conflict
SDN,1987,2.0,UCDP Armed Conflict
SDN,1988,2.0,UCDP Armed Conflict
SDN,1989,2.0,UCDP Armed Conflict
SDN,1990,2.0,UCDP Armed Conflict
SDN,1991,2.0,UCDP Armed Conflict
SDN,1992,2.0,UCDP Armed Conflict
SDN,1993,1.0,UCDP Armed Conflict
SDN,1994,1.0,UCDP Armed Conflict
SDN,1995,2.0,UCDP Armed Conflict
SDN,1996,2.0,UCDP Armed Conflict
SDN,1997,2.0,UCDP Armed Conflict
SDN,1998,2.0,UCDP Armed Conflict
SDN,1999,2.0,UCDP Armed Conflict
SDN,2000,2.0,UCDP Armed Conflict
SDN,2001,2.0,UCDP Armed Conflict
SDN,2002,2.0,UCDP Armed Conflict
SDN,2003,2.0,UCDP Armed Conflict
SDN,2004,2.0,UCDP Armed Conflict
SDN,2005,1.0,UCDP Armed Conflict
SDN,2006,2.0,UCDP Armed Conflict
SDN,2007,1.0,UCDP Armed Conflict
SDN,2008,1.0,UCDP Armed Conflict
SDN,2009,1.0,UCDP Armed Conflict
SDN,2010,2.0,UCDP Armed Conflict
SDN,2011,2.0,UCDP Armed Conflict
SDN,2012,2.0,UCDP Armed Conflict
SDN,2013,1.0,UCDP Armed Conflict
SDN,2014,1.0,UCDP Armed Conflict
SDN,2015,2.0,UCDP Armed Conflict
SDN,2016,2.0,UCDP Armed Conflict
SDN,2017,1.0,UCDP Armed Conflict
SDN,2018,1.0,UCDP Armed Conflict
SDN,2020,1.0,UCDP Armed Conflict
SDN,2021,1.0,UCDP Armed Conflict
SDN,2022,1.0,UCDP Armed Conflict
SDN,2023,2.0,UCDP Armed Conflict
SDN,2024,2.0,UCDP Armed Conflict
SEN,1990,1.0,UCDP Armed Conflict
SEN,1992,1.0,UCDP Armed Conflict
SEN,1993,1.0,UCDP Armed Conflict
SEN,1995,1.0,UCDP Armed Conflict
SEN,1997,1.0,UCDP Armed Conflict
SEN,1998,1.0,UCDP Armed Conflict
SEN,2000,1.0,UCDP Armed Conflict
SEN,2001,1.0,UCDP Armed Conflict
SEN,2003,1.0,UCDP Armed Conflict
SEN,2011,1.0,UCDP Armed Conflict
SLE,1991,1.0,UCDP Armed Conflict
SLE,1992,1.0,UCDP Armed Conflict
SLE,1993,1.0,UCDP Armed Conflict
SLE,1994,1.0,UCDP Armed Conflict
SLE,1995,2.0,UCDP Armed Conflict
SLE,1996,1.0,UCDP Armed Conflict
SLE,1997,1.0,UCDP Armed Conflict
SLE,1998,2.0,UCDP Armed Conflict
SLE,1999,2.0,UCDP Armed Conflict
SLE,2000,1.0,UCDP Armed Conflict
SLE,2001,1.0,UCDP Armed Conflict
SLV,1969,2.0,UCDP Armed Conflict
SLV,1972,1.0,UCDP Armed Conflict
SLV,1979,1.0,UCDP Armed Conflict
SLV,1980,1.0,UCDP Armed Conflict
SLV,1981,2.0,UCDP Armed Conflict
SLV,1982,2.0,UCDP Armed Conflict
SLV,1983,2.0,UCDP Armed Conflict
SLV,1984,2.0,UCDP Armed Conflict
SLV,1985,2.0,UCDP Armed Conflict
SLV,1986,2.0,UCDP Armed Conflict
SLV,1987,2.0,UCDP Armed Conflict
SLV,1988,2.0,UCDP Armed Conflict
SLV,1989,2.0,UCDP Armed Conflict
SLV,1990,1.0,UCDP Armed Conflict
SLV,1991,1.0,UCDP Armed Conflict
SOM,1964,1.0,UCDP Armed Conflict
SOM,1977,2.0,UCDP Armed Conflict
SOM,1978,2.0,UCDP Armed Conflict
SOM,1980,1.0,UCDP Armed Conflict
SOM,1982,1.0,UCDP Armed Conflict
SOM,1983,1.0,UCDP Armed Conflict
SOM,1984,1.0,UCDP Armed Conflict
SOM,1986,1.0,UCDP Armed Conflict
SOM,1987,1.0,UCDP Armed Conflict
SOM,1988,2.0,UCDP Armed Conflict
SOM,1989,1.0,UCDP Armed Conflict
SOM,1990,2.0,UCDP Armed Conflict
SOM,1991,2.0,UCDP Armed Conflict
SOM,1992,2.0,UCDP Armed Conflict
SOM,1993,1.0,UCDP Armed Conflict
SOM,1994,1.0,UCDP Armed Conflict
SOM,1995,1.0,UCDP Armed Conflict
SOM,1996,1.0,UCDP Armed Conflict
SOM,2001,1.0,UCDP Armed Conflict
SOM,2002,1.0,UCDP Armed Conflict
SOM,2006,1.0,UCDP Armed Conflict
SOM,2007,2.0,UCDP Armed Conflict
SOM,2008,2.0,UCDP Armed Conflict
SOM,2009,2.0,UCDP Armed Conflict
SOM,2010,2.0,UCDP Armed Conflict
SOM,2011,2.0,UCDP Armed Conflict
SOM,2012,2.0,UCDP Armed Conflict
SOM,2013,1.0,UCDP Armed Conflict
SOM,2014,2.0,UCDP Armed Conflict
SOM,2015,2.0,UCDP Armed Conflict
SOM,2016,2.0,UCDP Armed Conflict
SOM,2017,2.0,UCDP Armed Conflict
SOM,2018,2.0,UCDP Armed Conflict
SOM,2019,2.0,UCDP Armed Conflict
SOM,2020,2.0,UCDP Armed Conflict
SOM,2021,2.0,UCDP Armed Conflict
SOM,2022,2.0,UCDP Armed Conflict
SOM,2023,2.0,UCDP Armed Conflict
SOM,2024,2.0,UCDP Armed Conflict
SSD,2011,1.0,UCDP Armed Conflict
SSD,2012,1.0,UCDP Armed Conflict
SSD,2013,1.0,UCDP Armed Conflict
SSD,2014,2.0,UCDP Armed Conflict
SSD,2015,1.0,UCDP Armed Conflict
SSD,2016,1.0,UCDP Armed Conflict
SSD,2017,1.0,UCDP Armed Conflict
SSD,2018,1.0,UCDP Armed Conflict
SSD,2019,1.0,UCDP Armed Conflict
SSD,2020,1.0,UCDP Armed Conflict
SSD,2021,1.0,UCDP Armed Conflict
SUR,1987,1.0,UCDP Armed Conflict
SYR,1948,2.0,UCDP Armed Conflict
SYR,1949,1.0,UCDP Armed Conflict
SYR,1966,1.0,UCDP Armed Conflict
SYR,1967,2.0,UCDP Armed Conflict
SYR,1973,2.0,UCDP Armed Conflict
SYR,1979,1.0,UCDP Armed Conflict
SYR,1980,1.0,UCDP Armed Conflict
SYR,1981,1.0,UCDP Armed Conflict
SYR,1982,2.0,UCDP Armed Conflict
SYR,2011,2.0,UCDP Armed Conflict
SYR,2012,2.0,UCDP Armed Conflict
SYR,2013,2.0,UCDP Armed Conflict
SYR,2014,2.0,UCDP Armed Conflict
SYR,2015,2.0,UCDP Armed Conflict
SYR,2016,2.0,UCDP Armed Conflict
SYR,2017,2.0,UCDP Armed Conflict
SYR,2018,2.0,UCDP Armed Conflict
SYR,2019,2.0,UCDP Armed Conflict
SYR,2020,2.0,UCDP Armed Conflict
SYR,2021,1.0,UCDP Armed Conflict
SYR,2022,1.0,UCDP Armed Conflict
SYR,2023,2.0,UCDP Armed Conflict
SYR,2024,2.0,UCDP Armed Conflict
TCD,1966,1.0,UCDP Armed Conflict
TCD,1967,1.0,UCDP Armed Conflict
TCD,1968,1.0,UCDP Armed Conflict
TCD,1969,1.0,UCDP Armed Conflict
TCD,1970,1.0,UCDP Armed Conflict
TCD,1971,1.0,UCDP Armed Conflict
TCD,1972,1.0,UCDP Armed Conflict
TCD,1976,1.0,UCDP Armed Conflict
TCD,1977,1.0,UCDP Armed Conflict
TCD,1978,2.0,UCDP Armed Conflict
TCD,1979,2.0,UCDP Armed Conflict
TCD,1980,2.0,UCDP Armed Conflict
TCD,1981,1.0,UCDP Armed Conflict
TCD,1982,1.0,UCDP Armed Conflict
TCD,1983,1.0,UCDP Armed Conflict
TCD,1984,1.0,UCDP Armed Conflict
TCD,1986,1.0,UCDP Armed Conflict
TCD,1987,2.0,UCDP Armed Conflict
TCD,1989,1.0,UCDP Armed Conflict
TCD,1990,2.0,UCDP Armed Conflict
TCD,1991,1.0,UCDP Armed Conflict
TCD,1992,1.0,UCDP Armed Conflict
TCD,1993,1.0,UCDP Armed Conflict
TCD,1994,1.0,UCDP Armed Conflict
TCD,1997,1.0,UCDP Armed Conflict
TCD,1998,1.0,UCDP Armed Conflict
TCD,1999,1.0,UCDP Armed Conflict
TCD,2000,2.0,UCDP Armed Conflict
TCD,2001,1.0,UCDP Armed Conflict
TCD,2002,1.0,UCDP Armed Conflict
TCD,2003,1.0,UCDP Armed Conflict
TCD,2005,1.0,UCDP Armed Conflict
TCD,2006,2.0,UCDP Armed Conflict
TCD,2007,1.0,UCDP Armed Conflict
TCD,2008,1.0,UCDP Armed Conflict
TCD,2009,1.0,UCDP Armed Conflict
TCD,2010,1.0,UCDP Armed Conflict
TCD,2015,1.0,UCDP Armed Conflict
TCD,2017,1.0,UCDP Armed Conflict
TCD,2018,1.0,UCDP Armed Conflict
TCD,2019,1.0,UCDP Armed Conflict
TCD,2020,1.0,UCDP Armed Conflict
TCD,2021,1.0,UCDP Armed Conflict
TCD,2022,1.0,UCDP Armed Conflict
TCD,2023,1.0,UCDP Armed Conflict
TGO,1986,1.0,UCDP Armed Conflict
TGO,2022,1.0,UCDP Armed Conflict
TGO,2023,1.0,UCDP Armed Conflict
TGO,2024,1.0,UCDP Armed Conflict
THA,1946,1.0,UCDP Armed Conflict
THA,1951,1.0,UCDP Armed Conflict
THA,1974,1.0,UCDP Armed Conflict
THA,1975,1.0,UCDP Armed Conflict
THA,1976,1.0,UCDP Armed Conflict
THA,1977,1.0,UCDP Armed Conflict
THA,1978,1.0,UCDP Armed Conflict
THA,1979,1.0,UCDP Armed Conflict
THA,1980,1.0,UCDP Armed Conflict
THA,1981,1.0,UCDP Armed Conflict
THA,1982,1.0,UCDP Armed Conflict
THA,1986,1.0,UCDP Armed Conflict
THA,1987,1.0,UCDP Armed Conflict
THA,1988,1.0,UCDP Armed Conflict
THA,2003,1.0,UCDP Armed Conflict
THA,2004,1.0,UCDP Armed Conflict
THA,2005,1.0,UCDP Armed Conflict
THA,2006,1.0,UCDP Armed Conflict
THA,2007,1.0,UCDP Armed Conflict
THA,2008,1.0,UCDP Armed Conflict
THA,2009,1.0,UCDP Armed Conflict
THA,2010,1.0,UCDP Armed Conflict
THA,2011,1.0,UCDP Armed Conflict
THA,2012,1.0,UCDP Armed Conflict
THA,2013,1.0,UCDP Armed Conflict
THA,2014,1.0,UCDP Armed Conflict
THA,2015,1.0,UCDP Armed Conflict
THA,2016,1.0,UCDP Armed Conflict
THA,2017,1.0,UCDP Armed Conflict
THA,2018,1.0,UCDP Armed Conflict
THA,2019,1.0,UCDP Armed Conflict
THA,2020,1.0,UCDP Armed Conflict
THA,2021,1.0,UCDP Armed Conflict
THA,2022,1.0,UCDP Armed Conflict
THA,2023,1.0,UCDP Armed Conflict
THA,2024,1.0,UCDP Armed Conflict
TJK,1992,2.0,UCDP Armed Conflict
TJK,1993,2.0,UCDP Armed Conflict
TJK,1994,1.0,UCDP Armed Conflict
TJK,1995,1.0,UCDP Armed Conflict
TJK,1996,2.0,UCDP Armed Conflict
TJK,1997,1.0,UCDP Armed Conflict
TJK,1998,1.0,UCDP Armed Conflict
TJK,2000,1.0,UCDP Armed Conflict
TJK,2010,1.0,UCDP Armed Conflict
TJK,2011,1.0,UCDP Armed Conflict
TJK,2018,1.0,UCDP Armed Conflict
TJK,2019,1.0,UCDP Armed Conflict
TJK,2021,1.0,UCDP Armed Conflict
TJK,2022,1.0,UCDP Armed Conflict
TTO,1990,1.0,UCDP Armed Conflict
TUN,1953,1.0,UCDP Armed Conflict
TUN,1954,1.0,UCDP Armed Conflict
TUN,1955,1.0,UCDP Armed Conflict
TUN,1956,1.0,UCDP Armed Conflict
TUN,1961,2.0,UCDP Armed Conflict
TUN,1980,1.0,UCDP Armed Conflict
TUN,2013,1.0,UCDP Armed Conflict
TUN,2014,1.0,UCDP Armed Conflict
TUN,2015,1.0,UCDP Armed Conflict
TUN,2016,1.0,UCDP Armed Conflict
TWN,1949,2.0,UCDP Armed Conflict
TWN,1950,1.0,UCDP Armed Conflict
TWN,1954,2.0,UCDP Armed Conflict
TWN,1958,2.0,UCDP Armed Conflict
TZA,1978,1.0,UCDP Armed Conflict
TZA,2020,1.0,UCDP Armed Conflict
UGA,1971,1.0,UCDP Armed Conflict
UGA,1972,1.0,UCDP Armed Conflict
UGA,1974,1.0,UCDP Armed Conflict
UGA,1978,1.0,UCDP Armed Conflict
UGA,1979,1.0,UCDP Armed Conflict
UGA,1980,1.0,UCDP Armed Conflict
UGA,1981,2.0,UCDP Armed Conflict
UGA,1982,2.0,UCDP Armed Conflict
UGA,1983,2.0,UCDP Armed Conflict
UGA,1984,2.0,UCDP Armed Conflict
UGA,1985,2.0,UCDP Armed Conflict
UGA,1986,2.0,UCDP Armed Conflict
UGA,1987,2.0,UCDP Armed Conflict
UGA,1988,2.0,UCDP Armed Conflict
UGA,1989,2.0,UCDP Armed Conflict
UGA,1990,1.0,UCDP Armed Conflict
UGA,1991,1.0,UCDP Armed Conflict
UGA,1992,1.0,UCDP Armed Conflict
UGA,1994,1.0,UCDP Armed Conflict
UGA,1995,1.0,UCDP Armed Conflict
UGA,1996,2.0,UCDP Armed Conflict
UGA,1997,1.0,UCDP Armed Conflict
UGA,1998,1.0,UCDP Armed Conflict
UGA,1999,1.0,UCDP Armed Conflict
UGA,2000,1.0,UCDP Armed Conflict
UGA,2001,1.0,UCDP Armed Conflict
UGA,2002,2.0,UCDP Armed Conflict
UGA,2003,1.0,UCDP Armed Conflict
UGA,2004,2.0,UCDP Armed Conflict
UGA,2005,1.0,UCDP Armed Conflict
UGA,2006,1.0,UCDP Armed Conflict
UGA,2007,1.0,UCDP Armed Conflict
UGA,2008,1.0,UCDP Armed Conflict
UGA,2009,1.0,UCDP Armed Conflict
UGA,2010,1.0,UCDP Armed Conflict
UGA,2011,1.0,UCDP Armed Conflict
UGA,2013,1.0,UCDP Armed Conflict
UGA,2014,1.0,UCDP Armed Conflict
UGA,2015,1.0,UCDP Armed Conflict
UGA,2016,1.0,UCDP Armed Conflict
UGA,2017,1.0,UCDP Armed Conflict
UGA,2022,1.0,UCDP Armed Conflict
UKR,2014,2.0,UCDP Armed Conflict
UKR,2015,2.0,UCDP Armed Conflict
UKR,2016,1.0,UCDP Armed Conflict
UKR,2017,1.0,UCDP Armed Conflict
UKR,2018,1.0,UCDP Armed Conflict
UKR,2019,1.0,UCDP Armed Conflict
UKR,2020,1.0,UCDP Armed Conflict
UKR,2021,1.0,UCDP Armed Conflict
UKR,2022,2.0,UCDP Armed Conflict
UKR,2023,2.0,UCDP Armed Conflict
UKR,2024,2.0,UCDP Armed Conflict
URY,1972,1.0,UCDP Armed Conflict
USA,1950,1.0,UCDP Armed Conflict
USA,1983,1.0,UCDP Armed Conflict
USA,1989,1.0,UCDP Armed Conflict
USA,2001,2.0,UCDP Armed Conflict
USA,2002,1.0,UCDP Armed Conflict
USA,2003,2.0,UCDP Armed Conflict
USA,2004,1.0,UCDP Armed Conflict
USA,2005,1.0,UCDP Armed Conflict
USA,2006,1.0,UCDP Armed Conflict
USA,2007,1.0,UCDP Armed Conflict
USA,2008,1.0,UCDP Armed Conflict
USA,2009,1.0,UCDP Armed Conflict
USA,2010,1.0,UCDP Armed Conflict
USA,2011,1.0,UCDP Armed Conflict
USA,2012,1.0,UCDP Armed Conflict
USA,2013,1.0,UCDP Armed Conflict
USA,2014,1.0,UCDP Armed Conflict
USA,2015,1.0,UCDP Armed Conflict
USA,2016,1.0,UCDP Armed Conflict
USA,2017,1.0,UCDP Armed Conflict
USA,2019,1.0,UCDP Armed Conflict
USA,2024,1.0,UCDP Armed Conflict
UZB,1999,1.0,UCDP Armed Conflict
UZB,2000,1.0,UCDP Armed Conflict
UZB,2004,1.0,UCDP Armed Conflict
VEN,1962,1.0,UCDP Armed Conflict
VEN,1982,1.0,UCDP Armed Conflict
VEN,1992,1.0,UCDP Armed Conflict
ZAF,1966,1.0,UCDP Armed Conflict
ZAF,1967,1.0,UCDP Armed Conflict
ZAF,1968,1.0,UCDP Armed Conflict
ZAF,1969,1.0,UCDP Armed Conflict
ZAF,1970,1.0,UCDP Armed Conflict
ZAF,1971,1.0,UCDP Armed Conflict
ZAF,1972,1.0,UCDP Armed Conflict
ZAF,1973,1.0,UCDP Armed Conflict
ZAF,1974,1.0,UCDP Armed Conflict
ZAF,1975,1.0,UCDP Armed Conflict
ZAF,1976,1.0,UCDP Armed Conflict
ZAF,1977,1.0,UCDP Armed Conflict
ZAF,1978,2.0,UCDP Armed Conflict
ZAF,1979,1.0,UCDP Armed Conflict
ZAF,1980,2.0,UCDP Armed Conflict
ZAF,1981,2.0,UCDP Armed Conflict
ZAF,1982,2.0,UCDP Armed Conflict
ZAF,1983,2.0,UCDP Armed Conflict
ZAF,1984,1.0,UCDP Armed Conflict
ZAF,1985,1.0,UCDP Armed Conflict
ZAF,1986,2.0,UCDP Armed Conflict
ZAF,1987,2.0,UCDP Armed Conflict
ZAF,1988,2.0,UCDP Armed Conflict
ZAF,1989,1.0,UCDP Armed Conflict
